{"accuracy_clean": 0.8834951519966125, "accuracy_adv": 0.9061488509178162, "loss_clean": 0.3039492666721344, "loss_adv": 0.27247554063796997, "auc_clean": 0.9569353667392883, "auc_adv": 0.9624546114742193}